Masa delgada premium,Salsa de autor,"Tomate, Mozzarella, Prosciutto",Horno tradicional,Estilo clásico,Vino tinto
Masa delgada premium,Salsa de autor,"Tomate, Mozzarella, Prosciutto",Horno tradicional,Estilo clásico,Vino tinto
Masa delgada premium,Salsa de autor,"Tomate, Mozzarella, Prosciutto",Horno tradicional,Estilo clásico,Vino tinto
Masa delgada premium,Salsa de autor,"Tomate, Mozzarella, Prosciutto",Horno tradicional,Estilo clásico,Vino tinto
Masa delgada premium,Salsa de autor,"Tomate, Mozzarella, Prosciutto",Horno tradicional,Estilo clásico,Vino tinto
Masa delgada premium,Salsa de Pesto,"Tomate, Mozzarella, Prosciutto",Horno tradicional,Estilo clásico,Vino tinto
Masa delgada premium,Salsa de Pesto,"Tomate, Mozzarella, Prosciutto",Horno tradicional,Estilo clásico,Vino tinto
Masa delgada premium,Salsa de autor,"Tomate, Mozzarella, Prosciutto",Horno tradicional,Estilo clásico,Vino tinto
Masa delgada premium,Salsa de autor,"Mozzarella, Champiñones",Horno tradicional,Estilo clásico,Maridaje genérico
Masa delgada premium,Salsa de autor,"Tomate, Mozzarella",Horno tradicional,Estilo clásico,Maridaje genérico
Masa delgada premium,Salsa de autor,"Tomate, Mozzarella, Prosciutto",Horno tradicional,Estilo clásico,Vino tinto
Masa delgada premium,Salsa de autor,Champiñones,Horno tradicional,Estilo clásico,Maridaje genérico
Masa delgada premium,Salsa de autor,Champiñones,Horno tradicional,Estilo clásico,Maridaje genérico
Masa delgada premium,Salsa de autor,"Tomate, Mozzarella, Prosciutto",Horno tradicional,Estilo clásico,Vino tinto
Masa delgada premium,Salsa de autor,"Tomate, Mozzarella",Horno tradicional,Estilo clásico,Maridaje genérico
